skill_no,skill_name,campaign_no,media_type
18556375,Aetna Outbound,5684843,4
16370076,AHP_Outbound,5684308,4
18556352,Atrio Outbound,5684841,4
18556332,BCBS MI Outbound,5684836,4
18556322,BCBS NC Outbound,5684834,4
18556327,BCBS SC Outbound,5684835,4
16438864,Bright_Outbound,5684309,4
23067100,Buckeye Outbound,5804466,4
18556099,CareFirst Outbound,5684721,4
23067553,CareFirst_Medicaid_Outbound,5804548,4
20999361,Complaints_Callback_Outbound,5684330,4
27192315,Credentialing_Outbound,5804698,4
10446322,Default Skill 4601541,5629094,4
16369895,DHP - Outbound,5684419,4
18556342,Eternal Outbound,5684838,4
18556337,Excellus Outbound,5684837,4
31292601,Executive_Assistance_Outbound,5684330,4
23112946,Facilities - Outbound,5631546,4
35627973,Focus Member Outbound,5684330,4
20948106,FWA - Outbound,5631546,4
23067542,Humana_Group_Outbound,5804544,4
23112853,Humana_Ind_Outbound,5804545,4
16438860,IHA_Outbound,5684311,4
10660523,KCA Outbound,5631653,4
16438861,KPCO_Outbound,5684306,4
16438862,KPGA_Outbound,5684307,4
11384818,KPMA - Outbound,5684187,4
18556347,Medigold Outbound,5684840,4
23067099,Meridian Outbound,5804414,4
20725205,Network Development,5631546,4
16362700,NPX Dialer,5684390,4
10826825,NTL_OB,5631546,4
16362104,Priority Outbound,5684310,4
18556553,SCAN Outbound,5684858,4
16472675,Sendero_Health_Outbound,5684663,4
23112782,Sonder Outbound,5685077,4
23067367,Sunflower_Outbound,5804532,4
10826824,Superior - Outbound,5631688,4
16438863,Troy_Outbound,5684312,4
35627284,TXCHP_Outbound,5805115,4
35627283,UHC_FM_Outbound,5805114,4
18556357,Uride Outbound,5684839,4
23113200,WellcareAR_Outbound,5804585,4
23113084,WellcareKS_Outbound,5804583,4
18557040,BCBSNC2023VoicemailEN,5684834,4
18557041,BCBSNC2023VoicemailSP,5684834,4
10660519,Care Provider Support,5631546,4
18557044,CareFirstVoicemailEN,5684721,4
18557045,CareFirstVoicemailSP,5684721,4
16369891,DHPe_PTP,5684419,4
16369892,DHPs_PTP,5684419,4
18557042,ExcellusVoicemailEN,5684837,4
18557043,ExcellusVoicemailSP,5684837,4
18620031,Omni Transfer Reserve MA En,5684917,4
18620032,Omni Transfer Reserve MA Sp,5684917,4
20669957,Omni Transfer Reserve SHP En,5684917,4
20669958,Omni Transfer Reserve SHP Sp,5684917,4
20669825,Omni Transfer WMR MA En,5684917,4
20669826,Omni Transfer WMR MA Sp,5684917,4
20669959,Omni Transfer WMR SHP En,5684917,4
20669960,Omni Transfer WMR SHP Sp,5684917,4
10706257,Superior - Alt Transport - EN,5631688,4
10706306,Superior - Alt Transport - SP,5631688,4
10706315,Superior - Complaint- EN,5631688,4
10706316,Superior - Complaint- SP,5631688,4
10706311,Superior - ITP - EN,5631688,4
10706312,Superior - ITP - SP,5631688,4
10706313,Superior - Long Distance - EN,5631688,4
10706314,Superior - Long Distance - SP,5631688,4
10706308,Superior - Reservations - SP,5631688,4
10706256,Superior - Reservations EN,5631688,4
10826936,Superior - Star Health In CO,5631688,4
10826937,Superior - Star Health Out CO,5631688,4
10826923,Superior - Star Kid In CO CTY,5631688,4
10826924,Superior - Star Kid Out CO CTY,5631688,4
10706258,Superior - Wheres My Ride - EN,5631688,4
10706307,Superior - Wheres My Ride - SP,5631688,4
20827233,Testskill001,5631688,4
20827234,Testskill002,5631688,4
18556354,URide_Reserv SP,5684839,4
18556376,URide_WMR SP,5684839,4
20922626,aayyb,5631546,4
20922608,adrbp,5631546,4
20922595,aqazx,5631546,4
20922617,barqa,5631546,4
20922631,bazca,5631546,4
20922615,bbzrx,5631546,4
20922609,bcadd,5631546,4
20922610,bccbb,5631546,4
20922606,byqpb,5631546,4
20922603,cbbqp,5631546,4
20922612,cpyca,5631546,4
20922628,cybzy,5631546,4
20922622,cyxdc,5631546,4
20922625,dqdar,5631546,4
20922598,pbxcr,5631546,4
20922623,pcxpx,5631546,4
20922629,ppxaa,5631546,4
20922602,pxdzz,5631546,4
20922597,qbdcq,5631546,4
20922620,qyady,5631546,4
20922611,qzydq,5631546,4
20922613,rpxar,5631546,4
20922607,rqxrq,5631546,4
20922592,rrydz,5631546,4
20922594,rxpyc,5631546,4
20922600,ryxdq,5631546,4
20922616,ryzpx,5631546,4
20922596,rzyaz,5631546,4
10660753,test outbound,5631546,4
20922621,xbcqb,5631546,4
20922614,xdczy,5631546,4
20922630,xqbqz,5631546,4
20922624,xrzxz,5631546,4
20922619,xxqdc,5631546,4
20922604,yapdc,5631546,4
20922618,ybcrp,5631546,4
20922627,yczyr,5631546,4
20922601,zaazq,5631546,4
20922599,zccpb,5631546,4
20922605,zcrxc,5631546,4
20922593,zxbay,5631546,4
18557065,BCBSNC2023VoicemailENG,5684834,5
18619134,BCBSNC2023VoicemailSPN,5684834,5
18619131,CareFirstVoicemailENG,5684721,5
18619132,CareFirstVoicemailSPN,5684721,5
18619129,ExcellusVoicemailENG,5684837,5
18619130,ExcellusVoicemailSPN,5684837,5
10826922,Superior - Billing Voicemail,5631688,5
20755077,VM_Marketing_EN,5631546,5
20754998,VM_Michigan_EN,5684836,5
20754999,VM_Michigan_SP,5684836,5
20755076,VM_Sales_EN,5631546,5
10706317,Superior - Complaint - EN - VM,5631688,5
10706318,Superior - Complaint - SP - VM,5631688,5
23067101,Alignment_Chat,5685076,9
23067102,Bright_BND_Chat,5685076,9
23067107,Bright_CHP_Chat,5685076,9
20789168,DFO Fallback Chat,5685076,9
23067103,KPCO_Chat,5685076,9
23067104,KPGA_Chat,5685076,9
23067105,KPMA_Chat,5685076,9
23067493,Test_Chat,5685076,9
20789169,MA_English_Chat,5685076,9
20789167,MA_English_Chat_Dev,5685076,9
20789170,Medicaid_English_Chat,5685076,9
20789122,Medicaid_English_Chat_Dev,5685076,9
23067106,Superior_Chat,5685076,9
23113247,Aetna_Member_App,5685076,3
23113249,Alignment_Member_App,5685076,3
23113248,Atrio_Member_App,5685076,3
23113250,Bcbs_NC_Member_App,5685076,3
23113251,BCBS_SC__Member_App,5685076,3
23112787,Bright_Member_App,5685076,3
31292359,Buckeye_Member_App,5685076,3
23067108,Chat_Invite,5685076,3
23113252,Christus_Member_App,5685076,3
31292361,Community_First_Member_App,5685076,3
31292360,DHP_Member_App,5685076,3
23113253,Eternal_Member_App,5685076,3
23113254,KPCO_Member_App,5685076,3
23113255,KPGA_Member_App,5685076,3
23113256,KPMA_Member_App,5685076,3
23113655,Meridian_Member_App,5685076,3
20999124,SMS_8559557433_Test,5804448,3
23113257,Ultimate_Member_App,5685076,3
23113656,Wellcare_Member_App,5685076,3
23067492,Delete Me,5685076,3
31292522,ACA_BCBS_NC_Reserv_Email_En,5805065,4
31292523,ACA_BCBS_NC_Reserv_Email_Sp,5805065,4
31292526,ACA_BCBS_NC_Reserv_Other_En,5805065,4
31292527,ACA_BCBS_NC_Reserv_Other_Sp,5805065,4
31292524,ACA_BCBS_NC_WMR_Email_En,5805065,4
31292525,ACA_BCBS_NC_WMR_Email_Sp,5805065,4
31292528,ACA_BCBS_NC_WMR_Other_En,5805065,4
31292529,ACA_BCBS_NC_WMR_Other_Sp,5805065,4
18556371,Aetna_Reserv EN,5684843,4
18556372,Aetna_Reserv SP,5684843,4
18556373,Aetna_WMR EN,5684843,4
18556374,Aetna_WMR SP,5684843,4
16361882,AHP_After_Hours_EN,5684308,4
16361883,AHP_After_Hours_SP,5684308,4
16369903,AHP_Mandarin WMR,5684308,4
16369902,AHP_Mandarin_Reserv,5684308,4
16369901,AHP_Vietnamese WMR,5684308,4
16369900,AHP_Vietnamese_Reserv,5684308,4
16361878,Alignment Health Reserv EN,5684308,4
16361880,Alignment Health WMR EN,5684308,4
16361881,Alignment Health WMR SP,5684308,4
16361879,Alignment_HP Reservations SP,5684308,4
18556364,Atrio WMR SP,5684841,4
18556348,Atrio_Reserv EN,5684841,4
18556349,Atrio_Reserv SP,5684841,4
18556350,Atrio_WMR EN,5684841,4
18556840,BCBS _NC_After_Hours_EN,5684834,4
18556841,BCBS _NC_After_Hours_SP,5684834,4
18556328,BCBS MI_Reserv EN,5684836,4
18556329,BCBS MI_Reserv SP,5684836,4
18556330,BCBS MI_WMR EN,5684836,4
18556360,BCBS MI_WMR SP,5684836,4
18556318,BCBS NC_Reserv EN,5684834,4
18556319,BCBS NC_Reserv SP,5684834,4
18556320,BCBS NC_WMR EN,5684834,4
18556358,BCBS NC_WMR SP,5684834,4
18556323,BCBS SC_Reserv EN,5684835,4
18556324,BCBS SC_Reserv SP,5684835,4
18556325,BCBS SC_WMR EN,5684835,4
18556359,BCBS SC_WMR SP,5684835,4
20999279,Billing_Claims_Transfer,5684330,4
18556810,Brand New Day Reservations EN,5684309,4
18556812,Brand New Day Reservations MD,5684309,4
18556811,Brand New Day Reservations SP,5684309,4
18556813,Brand New Day WMR EN,5684309,4
18556815,Brand New Day WMR MD,5684309,4
18556814,Brand New Day WMR SP,5684309,4
16361886,Bright Health WMR EN,5684309,4
18556809,Bright Health WMR MD,5684309,4
16361887,Bright Health WMR SP,5684309,4
16361884,Bright Health_Reservations EN,5684309,4
18556808,Bright Health_Reservations MD,5684309,4
16361885,Bright Health_Reservations SP,5684309,4
23112811,Buckeye_After_Hours_EN,5804466,4
23112812,Buckeye_After_Hours_SP,5804466,4
27191858,Buckeye_ED_Discharge,5804466,4
20999305,Buckeye_GMR_EN,5804466,4
20999306,Buckeye_GMR_SP,5804466,4
20999307,Buckeye_MR_EN,5804466,4
20999308,Buckeye_MR_SP,5804466,4
20999311,Buckeye_Reserve_EN,5804466,4
20999312,Buckeye_Reserve_SP,5804466,4
23066776,Buckeye_Waiver_EN,5804466,4
20999309,Buckeye_WMR_EN,5804466,4
20999310,Buckeye_WMR_SP,5804466,4
10660518,Care Provider Support Line,5631546,4
16472782,CareFirst Reservations EN,5684721,4
16472783,CareFirst Reservations SP,5684721,4
16472784,CareFirst WMR EN,5684721,4
16472785,CareFirst WMR SP,5684721,4
23112854,CareFirst_Caid_After_Hours_EN,5804548,4
23112855,CareFirst_Caid_After_Hours_SP,5804548,4
23067554,CareFirst_Medicaid_Reserve_EN,5804548,4
23067555,CareFirst_Medicaid_Reserve_SP,5804548,4
23067558,CareFirst_Medicaid_VM_EN,5804548,4
23067559,CareFirst_Medicaid_VM_SP,5804548,4
23067556,CareFirst_Medicaid_WMR_EN,5804548,4
23067557,CareFirst_Medicaid_WMR_SP,5804548,4
35627633,Caresource_Alt_Trans_EN,5805139,4
35627634,Caresource_Alt_Trans_SP,5805139,4
35627631,Caresource_GMR_EN,5805139,4
35627632,Caresource_GMR_SP,5805139,4
35627628,Caresource_Res_EN,5805139,4
35627627,Caresource_Res_SP,5805139,4
35627629,Caresource_WMR_EN,5805139,4
35627630,Caresource_WMR_SP,5805139,4
18556816,Central Health Reservations EN,5684309,4
18556818,Central Health Reservations MD,5684309,4
18556817,Central Health Reservations SP,5684309,4
18556823,Central Health WMR EN,5684309,4
18556825,Central Health WMR MD,5684309,4
18556824,Central Health WMR SP,5684309,4
20923155,Christus_Existing,5804331,4
20923156,Christus_Other,5804331,4
23066984,Claim Denial Inquiries,5684330,4
23112895,Community_Cares_Reserve_EN,5804569,4
23112896,Community_Cares_Reserve_SP,5804569,4
23112897,Community_Cares_WMR_EN,5804569,4
23112898,Community_Cares_WMR_SP,5804569,4
23113649,Community_First_Alt_Trans_EN,5804635,4
23113648,Community_First_Alt_Trans_SP,5804635,4
23113651,Community_First_Complaints_EN,5804635,4
23113650,Community_First_Complaints_SP,5804635,4
23113641,Community_First_GMR_EN,5804635,4
23113643,Community_First_GMR_SP,5804635,4
23113647,Community_First_MR_EN,5804635,4
23113645,Community_First_MR_SP,5804635,4
23113637,Community_First_Reservation_EN,5804635,4
23113638,Community_First_Reservation_SP,5804635,4
23113639,Community_First_WMR_EN,5804635,4
23113640,Community_First_WMR_SP,5804635,4
20999359,Complaints_Callback_EN,5684330,4
20999360,Complaints_Callback_SP,5684330,4
27192314,Credentialing,5804698,4
35627723,Critical Incident Escalation,5805114,4
16369880,DHPe_BookNew,5684419,4
16392239,DHPe_CHIP_BookNew,5684419,4
16392243,DHPe_CHIP_WMR,5684419,4
16369889,DHPe_Issue,5684419,4
16369893,DHPe_ITP,5684419,4
16392237,DHPe_Star_BookNew,5684419,4
16392244,DHPe_Star_WMR,5684419,4
16392246,DHPe_StarKids_BookNew,5684419,4
16392248,DHPe_StarKids_WMR,5684419,4
16392250,DHPe_Unknown_BookNew,5684419,4
16392252,DHPe_Unknown_WMR,5684419,4
16369882,DHPe_WMR,5684419,4
16369881,DHPs_BookNew,5684419,4
16392240,DHPs_CHIP_BookNew,5684419,4
16392241,DHPs_CHIP_WMR,5684419,4
16369890,DHPs_Issue,5684419,4
16369894,DHPs_ITP,5684419,4
16392238,DHPs_Star_BookNew,5684419,4
16392245,DHPs_Star_WMR,5684419,4
16392247,DHPs_StarKids_BookNew,5684419,4
16392249,DHPs_StarKids_WMR,5684419,4
16392251,DHPs_Unknown_BookNew,5684419,4
16392253,DHPs_Unknown_WMR,5684419,4
16369883,DHPs_WMR,5684419,4
35690295,Dialysis Support Escalation,5805114,4
20999301,Driver Compliance Xfer,5684330,4
18556362,Eternal WMR SP,5684838,4
20703964,Eternal_After_Hours_EN,5684838,4
20703965,Eternal_After_Hours_SP,5684838,4
18556338,Eternal_Reserv EN,5684838,4
18556339,Eternal_Reserv SP,5684838,4
18556340,Eternal_WMR EN,5684838,4
18556361,Excellus WMR SP,5684837,4
18556333,Excellus_Reserv EN,5684837,4
18556334,Excellus_Reserv SP,5684837,4
18556335,Excellus_WMR EN,5684837,4
31292600,Executive_Assistance,5684330,4
35627480,Facilities Portal Other,5631546,4
35627479,Facilities Portal Support,5631546,4
35627972,Focus Member Inbound,5684330,4
27191933,FWA_Escalations,5684330,4
23113636,Gonzaba_Provider_Support,5804634,4
35627670,HB_BCBS_NC_Res_EN,5684834,4
35627671,HB_BCBS_NC_Res_SP,5684834,4
35627672,HB_BCBS_NC_WMR_EN,5684834,4
35627673,HB_BCBS_NC_WMR_SP,5684834,4
23112860,Highmark_After_Hours_EN,5804566,4
23112861,Highmark_After_Hours_SP,5804566,4
23112856,Highmark_Reserve_EN,5804566,4
23112857,Highmark_Reserve_SP,5804566,4
23112858,Highmark_WMR_EN,5804566,4
23112859,Highmark_WMR_SP,5804566,4
20923189,HTA_Reserv_EN,5804336,4
20923190,HTA_Reserv_SP,5804336,4
20923191,HTA_WMR_EN,5804336,4
20923192,HTA_WMR_SP,5804336,4
23067545,Humana_Group_After_Hours_EN,5804544,4
23067546,Humana_Group_After_Hours_SP,5804544,4
23067543,Humana_Group_GMR_EN,5804544,4
23067544,Humana_Group_GMR_SP,5804544,4
23067549,Humana_Group_MR_EN,5804544,4
23067550,Humana_Group_MR_SP,5804544,4
23067538,Humana_Group_Reserve_EN,5804544,4
23067539,Humana_Group_Reserve_SP,5804544,4
23067540,Humana_Group_WMR_EN,5804544,4
23067541,Humana_Group_WMR_SP,5804544,4
23112843,Humana_Ind_After_Hours_EN,5804545,4
23112844,Humana_Ind_After_Hours_SP,5804545,4
23112845,Humana_Ind_GMR_EN,5804545,4
23112846,Humana_Ind_GMR_SP,5804545,4
23112847,Humana_Ind_MR_EN,5804545,4
23112848,Humana_Ind_MR_SP,5804545,4
23112849,Humana_Ind_Reserve_EN,5804545,4
23112850,Humana_Ind_Reserve_SP,5804545,4
23112851,Humana_Ind_WMR_EN,5804545,4
23112852,Humana_Ind_WMR_SP,5804545,4
35627452,Humana_MI_Alt_Trans_EN,5805131,4
35627453,Humana_MI_Alt_Trans_SP,5805131,4
35627450,Humana_MI_GMR_EN,5805131,4
35627451,Humana_MI_GMR_SP,5805131,4
35627446,Humana_MI_Res_EN,5805131,4
35627447,Humana_MI_Res_SP,5805131,4
35627448,Humana_MI_WMR_EN,5805131,4
35627449,Humana_MI_WMR_SP,5805131,4
16361888,IHA Reservations EN,5684311,4
16361889,IHA Reservations SP,5684311,4
16361890,IHA WMR EN,5684311,4
16361891,IHA WMR SP,5684311,4
10705499,KCA NEMT Support - EN,5631653,4
10705500,KCA Network Support - EN,5631653,4
10705501,KCA Prequeue IVR - NO AGENT,5631653,4
10705498,KCA_Care_Provider_Support,5631653,4
16361892,KPCO Reservations EN,5684306,4
16361893,KPCO Reservations SP,5684306,4
16361894,KPCO WMR EN,5684306,4
16361895,KPCO WMR SP,5684306,4
23067449,KPCO_After_Hours_EN,5684306,4
23067450,KPCO_After_Hours_SP,5684306,4
16361896,KPGA Reservations EN,5684307,4
16361897,KPGA Reservations SP,5684307,4
16361898,KPGA WMR EN,5684307,4
16361899,KPGA WMR SP,5684307,4
23067458,KPGA_After_Hours_EN,5684307,4
23067451,KPGA_After_Hours_SP,5684307,4
11384718,KPMA_After_Hours_EN,5684187,4
11384719,KPMA_After_Hours_SP,5684187,4
11384661,KPMA_Reservations,5684187,4
11384663,KPMA_Spanish_Reservations,5684187,4
11384664,KPMA_Spanish_WMR,5684187,4
11384662,KPMA_WMR,5684187,4
18557059,Meals_and_Lodging_En,5631688,4
18557060,Meals_and_Lodging_Sp,5631688,4
18556363,Medigold WMR SP,5684840,4
18556343,Medigold_Reserv EN,5684840,4
18556344,Medigold_Reserv SP,5684840,4
18556345,Medigold_WMR EN,5684840,4
23067070,Mem_Her_Reserv_EN,5804510,4
23067072,Mem_Her_Reserv_SP,5804510,4
23067071,Mem_Her_WMR_EN,5804510,4
23067073,Mem_Her_WMR_SP,5804510,4
27191801,Member App Support,5804638,4
23067457,Meridian_After_Hours_EN,5804414,4
23067452,Meridian_After_Hours_SP,5804414,4
20998655,Meridian_GMR_EN,5804414,4
20998657,Meridian_GMR_SP,5804414,4
20948267,Meridian_MR_En,5804414,4
20948268,Meridian_MR_Sp,5804414,4
20948263,Meridian_Reserv_En,5804414,4
20948264,Meridian_Reserv_Sp,5804414,4
20948266,Meridian_WMR_En,5804414,4
20948265,Meridian_WMR_Sp,5804414,4
10826921,Mileage_Reim_Billing,5631688,4
23112864,MMO_After_Hours_EN,5804567,4
23112865,MMO_After_Hours_SP,5804567,4
23112862,MMO_Reserve_EN,5804567,4
23112863,MMO_Reserve_SP,5804567,4
23112866,MMO_WMR_EN,5804567,4
23112867,MMO_WMR_SP,5804567,4
20999300,NEMT Billing Xfer,5684330,4
20922804,NEMT_Billing,5684330,4
23113065,NEW_Meals_SP,5631688,4
16362699,NPX IB,5684390,4
10660520,NTL_Care_Provider_Support,5631546,4
10660521,NTL_NEMT_Support,5631546,4
20922737,Optum_Reserv EN,5804291,4
20922738,Optum_Reserv SP,5804291,4
20922739,Optum_WMR En,5804291,4
20922740,Optum_WMR Sp,5804291,4
23113472,Overflow Return,5804607,4
35627833,PC CSR Escalation,5684330,4
16438701,Poly AI_Resv_En,5684644,4
16438702,Poly AI_Resv_Sp,5684644,4
16438722,Poly AI_WMR_En,5684644,4
16438723,Poly AI_WMR_Sp,5684644,4
20948444,PolyAI_Medicaid,5684902,4
10660650,Prequeue IVR - NO AGENT,5631546,4
16361902,Priority Health WMR EN,5684310,4
16361903,Priority Health WMR SP,5684310,4
16361900,Priority Health_Reserv EN,5684310,4
16361901,Priority Health_Reserv SP,5684310,4
20922938,Priority_Medicaid_Issue_EN,5804323,4
20922939,Priority_Medicaid_Issue_SP,5804323,4
20922934,Priority_Medicaid_ITP_EN,5804323,4
20922935,Priority_Medicaid_ITP_SP,5804323,4
20922936,Priority_Medicaid_PTP_EN,5804323,4
20922937,Priority_Medicaid_PTP_SP,5804323,4
20922931,Priority_Medicaid_Resv_EN,5804323,4
20922930,Priority_Medicaid_Resv_SP,5804323,4
20922933,Priority_Medicaid_WMR_EN,5804323,4
20922932,Priority_Medicaid_WMR_SP,5804323,4
23112870,Prod_Ops_Demo,5684902,4
27192359,Routing_Internal_Transfer,5685076,4
10660522,Saferide_Health_Billing,5631546,4
16370263,SCAN Escalations 2023,5684445,4
18556838,SCAN_After_Hours_EN,5684858,4
18556839,SCAN_After_Hours_SP,5684858,4
27192003,Scan_GMR_EN,5684858,4
27192004,Scan_GMR_SP,5684858,4
27192005,Scan_MR_En,5684858,4
27192006,Scan_MR_SP,5684858,4
18556549,SCAN_Reserv EN,5684858,4
18556550,SCAN_Reserv SP,5684858,4
18556551,SCAN_WMR EN,5684858,4
18556552,SCAN_WMR SP,5684858,4
31292314,Sendero_ACHP_Resv Sp,5684663,4
31292313,Sendero_ACHP_Resv_En,5684663,4
31292315,Sendero_ACHP_WMR Sp,5684663,4
31292316,Sendero_ACHP_WMR_En,5684663,4
23067456,Sendero_After_Hours_EN,5684663,4
23067453,Sendero_After_Hours_SP,5684663,4
16472169,Sendero_Health_Resv En,5684663,4
16472171,Sendero_Health_Resv Sp,5684663,4
16472170,Sendero_Health_WMR En,5684663,4
16472669,Sendero_Health_WMR SP,5684663,4
20827267,SHP_In_Co_Que_En,5631688,4
10828502,SHP_In_Co_Que_SP,5631688,4
20827222,SHPe_BookNew,5631688,4
20827231,SHPe_Issue,5631688,4
20827224,SHPe_ITP_Reim,5631688,4
10827433,SHPe_MMP_BookNew,5631934,4
10827439,SHPe_MMP_Issue,5631934,4
10827436,SHPe_MMP_ITP_Reim,5631934,4
10827435,SHPe_MMP_LDT,5631934,4
10827438,SHPe_MMP_PTP,5631934,4
10827434,SHPe_MMP_WMR,5631934,4
10828517,SHPe_OtherPlan,5631937,4
20827228,SHPe_PTP,5631688,4
10827405,SHPe_Star_BookNew,5631932,4
10827410,SHPe_Star_Issue,5631932,4
10827408,SHPe_Star_ITP_Reim,5631932,4
10827407,SHPe_Star_LDT,5631932,4
10827409,SHPe_Star_PTP,5631932,4
10827406,SHPe_Star_WMR,5631932,4
10828490,SHPe_StarH_inCOco_BookNew,5631936,4
10828495,SHPe_StarH_inCOco_Issue,5631936,4
10828493,SHPe_StarH_inCOco_ITP_Reim,5631936,4
10828492,SHPE_StarH_inCOco_LDT,5631936,4
10828494,SHPe_StarH_inCOco_PTP,5631936,4
10828491,SHPe_StarH_inCOco_WMR,5631936,4
10828496,SHPe_StarH_outCOco_BookNew,5631936,4
10828501,SHPe_StarH_outCOco_Issue,5631936,4
10828499,SHPe_StarH_outCOco_ITP_Reim,5631936,4
10828498,SHPe_StarH_outCOco_LDT,5631936,4
10828500,SHPe_StarH_outCOco_PTP,5631936,4
10828497,SHPe_StarH_outCOco_WMR,5631936,4
10828478,SHPe_StarKids_inCOco_BookNew,5631935,4
10828483,SHPe_StarKids_inCOco_Issue,5631935,4
10828481,SHPe_StarKids_inCOco_ITP_Reim,5631935,4
10828480,SHPe_StarKids_inCOco_LDT,5631935,4
10828482,SHPe_StarKids_inCOco_PTP,5631935,4
10828479,SHPe_StarKids_inCOco_WMR,5631935,4
10828484,SHPe_StarKids_outCOco_BookNew,5631935,4
10828489,SHPe_StarKids_outCOco_Issue,5631935,4
10828487,SHPe_StarKids_outCOco_ITP_Reim,5631935,4
10828486,SHPe_StarKids_outCOco_LDT,5631935,4
10828488,SHPe_StarKids_outCOco_PTP,5631935,4
10828485,SHPe_StarKids_outCOco_WMR,5631935,4
10827424,SHPe_StarPlus_BookNew,5631933,4
10827430,SHPe_StarPlus_Issue,5631933,4
10827427,SHPe_StarPlus_ITP_Reim,5631933,4
10827426,SHPe_StarPlus_LDT,5631933,4
10827429,SHPe_StarPlus_PTP,5631933,4
10827425,SHPe_StarPlus_WMR,5631933,4
10828516,SHPe_UnknownPlan,5631937,4
20827183,SHPe_WMR,5631688,4
20827223,SHPs_BookNew,5631688,4
20827232,SHPs_Issue,5631688,4
20827225,SHPs_ITP_Reim,5631688,4
10827440,SHPs_MMP_BookNew,5631934,4
10827448,SHPs_MMP_Issue,5631934,4
10827445,SHPs_MMP_ITP_Reim,5631934,4
10827443,SHPs_MMP_LDT,5631934,4
10827447,SHPs_MMP_PTP,5631934,4
10827441,SHPs_MMP_WMR,5631934,4
10828515,SHPs_OtherPlan,5631937,4
20827230,SHPs_PTP,5631688,4
10827411,SHPs_Star_BookNew,5631932,4
10827416,SHPs_Star_Issue,5631932,4
10827414,SHPs_Star_ITP_Reim,5631932,4
10827413,SHPs_Star_LDT,5631932,4
10827415,SHPs_Star_PTP,5631932,4
10827412,SHPs_Star_WMR,5631932,4
10828507,SHPs_StarH_inCOco_Issue,5631936,4
10828505,SHPs_StarH_inCOco_ITP_Reim,5631936,4
10828504,SHPs_StarH_inCOco_LDT,5631936,4
10828506,SHPs_StarH_inCOco_PTP,5631936,4
10828503,SHPs_StarH_inCOco_WMR,5631936,4
10828508,SHPs_StarH_outCOco_BookNew,5631936,4
10828513,SHPs_StarH_outCOco_Issue,5631936,4
10828511,SHPs_StarH_outCOco_ITP_Reim,5631936,4
10828510,SHPs_StarH_outCOco_LDT,5631936,4
10828512,SHPs_StarH_outCOco_PTP,5631936,4
10828509,SHPs_StarH_outCOco_WMR,5631936,4
10827464,SHPs_StarKids_inCOco_BookNew,5631935,4
10828471,SHPs_StarKids_inCOco_Issue,5631935,4
10828469,SHPs_StarKids_inCOco_ITP_Reim,5631935,4
10828468,SHPs_StarKids_inCOco_LDT,5631935,4
10828470,SHPs_StarKids_inCOco_PTP,5631935,4
10828467,SHPs_StarKids_inCOco_WMR,5631935,4
10828472,SHPs_StarKids_outCOco_BookNew,5631935,4
10828477,SHPs_StarKids_outCOco_Issue,5631935,4
10828475,SHPs_StarKids_outCOco_ITP_Reim,5631935,4
10828474,SHPs_StarKids_outCOco_LDT,5631935,4
10828476,SHPs_StarKids_outCOco_PTP,5631935,4
10828473,SHPs_StarKids_outCOco_WMR,5631935,4
10827417,SHPs_StarPlus_BookNew,5631933,4
10827423,SHPs_StarPlus_Issue,5631933,4
10827420,SHPs_StarPlus_ITP_Reim,5631933,4
10827419,SHPs_StarPlus_LDT,5631933,4
10827421,SHPs_StarPlus_PTP,5631933,4
10827418,SHPs_StarPlus_WMR,5631933,4
10828514,SHPs_UnknownPlan,5631937,4
20827221,SHPs_WMR,5631688,4
35627444,Silver_Summit_Alt_Trans_EN,5805132,4
35627445,Silver_Summit_Alt_Trans_SP,5805132,4
35627442,Silver_Summit_GMR_EN,5805132,4
35627443,Silver_Summit_GMR_SP,5805132,4
35627439,Silver_Summit_Res_EN,5805132,4
35627438,Silver_Summit_Res_SP,5805132,4
35627440,Silver_Summit_WMR_EN,5805132,4
35627441,Silver_Summit_WMR_SP,5805132,4
23113593,Sonder_After_Hours_EN,5685077,4
23113594,Sonder_After_Hours_SP,5685077,4
20789136,Sonder_Existing,5685077,4
20789137,Sonder_Other,5685077,4
23112783,Sonder_Reserve_EN,5685077,4
23112784,Sonder_Reserve_SP,5685077,4
23112785,Sonder_WMR_EN,5685077,4
23112786,Sonder_WMR_SP,5685077,4
20947947,Spanish_Xfer,5684330,4
18619265,StevenDemo_ReserveEn,5684902,4
18619266,StevenDemo_ReserveSp,5684902,4
18619267,StevenDemo_WMREn,5684902,4
18619268,StevenDemo_WMRSp,5684902,4
23067455,Sunflower_After_Hours_EN,5804532,4
23067454,Sunflower_After_Hours_SP,5804532,4
23067368,Sunflower_GMR_EN,5804532,4
23067369,Sunflower_GMR_SP,5804532,4
23067370,Sunflower_MR_EN,5804532,4
23067371,Sunflower_MR_SP,5804532,4
23067365,Sunflower_Reserve_EN,5804532,4
23067366,Sunflower_Reserve_SP,5804532,4
23067372,Sunflower_Waiver_EN,5804532,4
23067373,Sunflower_WMR_EN,5804532,4
23067374,Sunflower_WMR_SP,5804532,4
10706244,Superior - Care Provider,5631688,4
10705851,Superior - Prequeue IVR,5631688,4
10826939,Superior - Provider Support,5631688,4
16472172,Test Skill,5684664,4
23067561,Test_Skill,5684664,4
20922768,Trans_Provider_Support_Central,5684330,4
20922767,Trans_Provider_Support_Eastern,5684330,4
20922769,Trans_Provider_Support_MST,5684330,4
20922766,Trans_Provider_Support_Pacific,5684330,4
16361905,Troy Medicare Reservation SP,5684312,4
16361904,Troy Medicare Reservations EN,5684312,4
16361906,Troy Medicare WMR EN,5684312,4
16361907,Troy Medicare WMR SP,5684312,4
35627186,TX_Childrens_Alt_Trans_EN,5805115,4
35627187,TX_Childrens_Alt_Trans_SP,5805115,4
35627184,TX_Childrens_GMR_EN,5805115,4
35627185,TX_Childrens_GMR_SP,5805115,4
35627180,TX_Childrens_Reservations_EN,5805115,4
35627181,TX_Childrens_Reservations_SP,5805115,4
35627182,TX_Childrens_WMR_EN,5805115,4
35627183,TX_Childrens_WMR_SP,5805115,4
23067523,Uber_Provider_Support_EN,5804541,4
23067524,Uber_Provider_Support_SP,5804541,4
18620033,UHC_After_Hours_EN,5684839,4
18620034,UHC_After_Hours_SP,5684839,4
35627363,UHC_DC_Alt_En,5805114,4
35627364,UHC_DC_Alt_Sp,5805114,4
35627361,UHC_DC_GMR_En,5805114,4
35627362,UHC_DC_GMR_Sp,5805114,4
35627357,UHC_DC_Res_En,5805114,4
35627358,UHC_DC_Res_Sp,5805114,4
35627359,UHC_DC_WMR_En,5805114,4
35627360,UHC_DC_WMR_Sp,5805114,4
20923304,UHC_Florida_DSNP,5684839,4
35627397,UHC_FM_Generic_En,5805114,4
35627398,UHC_FM_Generic_Sp,5805114,4
23113014,UHC_Group_Retiree,5684839,4
35627307,UHC_KS_Alt_En,5805114,4
35627308,UHC_KS_Alt_Sp,5805114,4
35627305,UHC_KS_GMR_En,5805114,4
35627306,UHC_KS_GMR_Sp,5805114,4
35627301,UHC_KS_Res_En,5805114,4
35627302,UHC_KS_Res_Sp,5805114,4
35627303,UHC_KS_WMR_En,5805114,4
35627304,UHC_KS_WMR_Sp,5805114,4
35627299,UHC_MA_FL_Alt_En,5805114,4
35627300,UHC_MA_FL_Alt_Sp,5805114,4
35627291,UHC_MA_FL_DSNP_Alt_En,5805114,4
35627292,UHC_MA_FL_DSNP_Alt_Sp,5805114,4
35627289,UHC_MA_FL_DSNP_GMR_En,5805114,4
35627290,UHC_MA_FL_DSNP_GMR_Sp,5805114,4
35627285,UHC_MA_FL_DSNP_Res_En,5805114,4
35627286,UHC_MA_FL_DSNP_Res_Sp,5805114,4
35627287,UHC_MA_FL_DSNP_WMR_En,5805114,4
35627288,UHC_MA_FL_DSNP_WMR_Sp,5805114,4
35627297,UHC_MA_FL_GMR_En,5805114,4
35627298,UHC_MA_FL_GMR_Sp,5805114,4
35627293,UHC_MA_FL_Res_En,5805114,4
35627294,UHC_MA_FL_Res_Sp,5805114,4
35627295,UHC_MA_FL_WMR_En,5805114,4
35627296,UHC_MA_FL_WMR_Sp,5805114,4
35627395,UHC_MA_ID_Alt_En,5805114,4
35627396,UHC_MA_ID_Alt_Sp,5805114,4
35627393,UHC_MA_ID_GMR_En,5805114,4
35627394,UHC_MA_ID_GMR_Sp,5805114,4
35627389,UHC_MA_ID_Res_En,5805114,4
35627390,UHC_MA_ID_Res_Sp,5805114,4
35627391,UHC_MA_ID_WMR_En,5805114,4
35627392,UHC_MA_ID_WMR_Sp,5805114,4
35627315,UHC_MA_KY_Alt_En,5805114,4
35627316,UHC_MA_KY_Alt_Sp,5805114,4
35627313,UHC_MA_KY_GMR_En,5805114,4
35627314,UHC_MA_KY_GMR_Sp,5805114,4
35627309,UHC_MA_KY_Res_En,5805114,4
35627310,UHC_MA_KY_Res_Sp,5805114,4
35627311,UHC_MA_KY_WMR_En,5805114,4
35627312,UHC_MA_KY_WMR_Sp,5805114,4
35627331,UHC_MA_LA_Offshore_Alt_En,5805114,4
35627332,UHC_MA_LA_Offshore_Alt_Sp,5805114,4
35627329,UHC_MA_LA_Offshore_GMR_En,5805114,4
35627330,UHC_MA_LA_Offshore_GMR_Sp,5805114,4
35627325,UHC_MA_LA_Offshore_Res_En,5805114,4
35627326,UHC_MA_LA_Offshore_Res_Sp,5805114,4
35627327,UHC_MA_LA_Offshore_WMR_En,5805114,4
35627328,UHC_MA_LA_Offshore_WMR_Sp,5805114,4
35627323,UHC_MA_LA_Onshore_Alt_En,5805114,4
35627324,UHC_MA_LA_Onshore_Alt_Sp,5805114,4
35627321,UHC_MA_LA_Onshore_GMR_En,5805114,4
35627322,UHC_MA_LA_Onshore_GMR_Sp,5805114,4
35627317,UHC_MA_LA_Onshore_Res_En,5805114,4
35627318,UHC_MA_LA_Onshore_Res_Sp,5805114,4
35627319,UHC_MA_LA_Onshore_WMR_En,5805114,4
35627320,UHC_MA_LA_Onshore_WMR_Sp,5805114,4
35627379,UHC_MA_NC_Alt_En,5805114,4
35627380,UHC_MA_NC_Alt_Sp,5805114,4
35627377,UHC_MA_NC_GMR_En,5805114,4
35627378,UHC_MA_NC_GMR_Sp,5805114,4
35627373,UHC_MA_NC_Res_En,5805114,4
35627374,UHC_MA_NC_Res_Sp,5805114,4
35627375,UHC_MA_NC_WMR_En,5805114,4
35627376,UHC_MA_NC_WMR_Sp,5805114,4
35627387,UHC_MA_NE_Alt_En,5805114,4
35627388,UHC_MA_NE_Alt_Sp,5805114,4
35627385,UHC_MA_NE_GMR_En,5805114,4
35627386,UHC_MA_NE_GMR_Sp,5805114,4
35627381,UHC_MA_NE_Res_En,5805114,4
35627382,UHC_MA_NE_Res_Sp,5805114,4
35627383,UHC_MA_NE_WMR_En,5805114,4
35627384,UHC_MA_NE_WMR_Sp,5805114,4
35627339,UHC_MA_OH_Alt_En,5805114,4
35627340,UHC_MA_OH_Alt_Sp,5805114,4
35627337,UHC_MA_OH_GMR_En,5805114,4
35627338,UHC_MA_OH_GMR_Sp,5805114,4
35627333,UHC_MA_OH_Res_En,5805114,4
35627334,UHC_MA_OH_Res_Sp,5805114,4
35627335,UHC_MA_OH_WMR_En,5805114,4
35627336,UHC_MA_OH_WMR_Sp,5805114,4
35627371,UHC_Mass_Alt_En,5805114,4
35627372,UHC_Mass_Alt_Sp,5805114,4
35627714,UHC_Mass_Alt_Zh,5805114,4
35627369,UHC_Mass_GMR_En,5805114,4
35627370,UHC_Mass_GMR_Sp,5805114,4
35627715,UHC_Mass_GMR_Zh,5805114,4
35627365,UHC_Mass_Res_En,5805114,4
35627366,UHC_Mass_Res_Sp,5805114,4
35627712,UHC_Mass_Res_Zh,5805114,4
35627367,UHC_Mass_WMR_En,5805114,4
35627368,UHC_Mass_WMR_Sp,5805114,4
35627713,UHC_Mass_WMR_Zh,5805114,4
35627355,UHC_TX_Alt_En,5805114,4
35627356,UHC_TX_Alt_Sp,5805114,4
35627719,UHC_TX_Alt_Zh,5805114,4
35627353,UHC_TX_GMR_En,5805114,4
35627354,UHC_TX_GMR_Sp,5805114,4
35627718,UHC_TX_GMR_Zh,5805114,4
35627349,UHC_TX_Res_En,5805114,4
35627350,UHC_TX_Res_Sp,5805114,4
35627716,UHC_TX_Res_Zh,5805114,4
35627351,UHC_TX_WMR_En,5805114,4
35627352,UHC_TX_WMR_Sp,5805114,4
35627717,UHC_TX_WMR_Zh,5805114,4
35627347,UHC_VA_Alt_En,5805114,4
35627348,UHC_VA_Alt_Sp,5805114,4
35627345,UHC_VA_GMR_En,5805114,4
35627346,UHC_VA_GMR_Sp,5805114,4
35627341,UHC_VA_Res_En,5805114,4
35627342,UHC_VA_Res_Sp,5805114,4
35627343,UHC_VA_WMR_En,5805114,4
35627344,UHC_VA_WMR_Sp,5805114,4
23113148,Ultimate_After_Hours_EN,5804335,4
23113149,Ultimate_After_Hours_SP,5804335,4
20923185,Ultimate_Reserv EN,5804335,4
20923186,Ultimate_Reserv SP,5804335,4
20923188,Ultimate_WMR EN,5804335,4
20923187,Ultimate_WMR SP,5804335,4
35690377,Urgent Rebooking and Edits,5684330,4
20923437,URide Escalations,5684839,4
18556353,URide_Existing,5684839,4
18556355,URide_Other,5684839,4
23067075,Uride_Steven,5684839,4
35628055,USFHP_Existing,5805170,4
35628056,USFHP_Other,5805170,4
23113135,WellcareAR_After_EN,5804585,4
23113134,WellcareAR_After_SP,5804585,4
23113138,WellcareAR_GMR_EN,5804585,4
23113139,WellcareAR_GMR_SP,5804585,4
23113131,WellcareAR_Reserve_EN,5804585,4
23113140,WellcareAR_Reserve_SP,5804585,4
23113132,WellcareAR_WMR_EN,5804585,4
23113133,WellcareAR_WMR_SP,5804585,4
23113089,WellcareKS_After_EN,5804583,4
23113090,WellcareKS_After_SP,5804583,4
23113102,WellcareKS_GMR_EN,5804583,4
23113103,WellcareKS_GMR_SP,5804583,4
23113085,WellcareKS_Reserve_EN,5804583,4
23113086,WellcareKS_Reserve_SP,5804583,4
23113087,WellcareKS_WMR_EN,5804583,4
23113088,WellcareKS_WMR_SP,5804583,4